{"Labels":[{"class":0,"poly":[[346.33449885271523,94.15871077172983],[318.49453431433506,94.15871077172983],[318.49453431433506,123.69623484082422],[346.33449885271523,123.69623484082422]],"imagefile":"20191004_092019.tiff"},{"class":0,"poly":[[249.35203280989185,105.91358458275829],[224.09235166306189,105.91358458275829],[224.09235166306189,128.00744952611353],[249.35203280989185,128.00744952611353]],"imagefile":"20191004_092019.tiff"}]}