{"Labels":[{"class":0,"poly":[[191.65834579804883,136.2726150243297],[164.80776998449133,136.2726150243297],[164.80776998449133,165.42233101929736],[191.65834579804883,165.42233101929736]],"imagefile":"20191004_092634.tiff"},{"class":0,"poly":[[107.12615081714975,143.67901513031177],[79.449796788087667,143.67901513031177],[79.449796788087667,177.0363427929363],[107.12615081714975,177.0363427929363]],"imagefile":"20191004_092634.tiff"},{"class":0,"poly":[[178.02970575066394,222.84222369299658],[158.08607891075616,222.84222369299658],[158.08607891075616,251.23627976755273],[178.02970575066394,251.23627976755273]],"imagefile":"20191004_092634.tiff"}]}