{"Labels":[{"class":0,"poly":[[295.27229949306081,127.84750396590255],[270.79935814945384,127.84750396590255],[270.79935814945384,148.58431658992635],[295.27229949306081,148.58431658992635]],"imagefile":"20191004_091820.tiff"},{"class":0,"poly":[[376.30331279525149,195.83085348853353],[356.39864044142041,195.83085348853353],[356.39864044142041,223.1975489852984],[376.30331279525149,223.1975489852984]],"imagefile":"20191004_091820.tiff"},{"class":0,"poly":[[374.09522956108435,115.94376329999017],[354.19055720725328,115.94376329999017],[354.19055720725328,143.31045879675503],[374.09522956108435,143.31045879675503]],"imagefile":"20191004_091820.tiff"}]}