{"Labels":[{"class":0,"poly":[[253.12707445794646,154.92869411465756],[226.46366803740412,154.92869411465756],[226.46366803740412,183.40062661163836],[253.12707445794646,183.40062661163836]],"imagefile":"20191004_092421.tiff"},{"class":0,"poly":[[158.44926702945156,157.93501423791406],[134.46185304070082,157.93501423791406],[134.46185304070082,178.98520117465512],[158.44926702945156,178.98520117465512]],"imagefile":"20191004_092421.tiff"},{"class":0,"poly":[[241.79364151198089,230.78034346403365],[221.89934579089092,230.78034346403365],[221.89934579089092,258.79373642055333],[241.79364151198089,258.79373642055333]],"imagefile":"20191004_092421.tiff"}]}