{"Labels":[{"class":0,"poly":[[191.65834579804883,136.2726150243297],[164.80776998449133,136.2726150243297],[164.80776998449133,165.42233101929736],[191.65834579804883,165.42233101929736]],"imagefile":"20191004_092634.tiff"},{"class":0,"poly":[[104.89808364556352,149.56407260157607],[81.2031729704476,149.56407260157607],[77.488110964332918,181.57133421400249],[105.164464993395,182.9214002642006]],"imagefile":"20191004_092634.tiff"},{"class":0,"poly":[[178.68360102524883,220.88053786924178],[158.73997418534105,220.88053786924178],[158.73997418534105,249.27459394379792],[178.68360102524883,249.27459394379792]],"imagefile":"20191004_092634.tiff"}]}