{"Labels":[{"class":0,"poly":[[208.56473289117869,138.70303547717674],[181.58518460624273,138.70303547717674],[181.58518460624273,167.64901382828805],[208.56473289117869,167.64901382828805]],"imagefile":"20191004_092523.tiff"},{"class":0,"poly":[[116.46365310183111,154.25594185944345],[92.308458334435187,154.25594185944345],[92.308458334435187,175.74566572365103],[116.46365310183111,175.74566572365103]],"imagefile":"20191004_092523.tiff"},{"class":0,"poly":[[199.69763606547352,228.90892989896372],[179.68842826888707,228.90892989896372],[179.68842826888707,257.04891616394889],[199.69763606547352,257.04891616394889]],"imagefile":"20191004_092523.tiff"}]}