{"Labels":[{"class":0,"poly":[[369.93592549674145,133.47525163458033],[343.26565863867108,133.47525163458033],[343.26565863867108,161.62800031548954],[369.93592549674145,161.62800031548954]],"imagefile":"20191004_091911.tiff"},{"class":0,"poly":[[274.28189637016925,139.1679926758938],[249.67495354341185,139.1679926758938],[249.67495354341185,159.88651067185617],[274.28189637016925,159.88651067185617]],"imagefile":"20191004_091911.tiff"},{"class":0,"poly":[[357.48368422045223,216.78902008244256],[337.63083001408791,216.78902008244256],[337.63083001408791,244.26010853440857],[357.48368422045223,244.26010853440857]],"imagefile":"20191004_091911.tiff"}]}