{"Labels":[{"class":0,"poly":[[293.964508943891,125.88581814214774],[269.49156760028404,125.88581814214774],[269.49156760028404,146.62263076617154],[293.964508943891,146.62263076617154]],"imagefile":"20191004_091820.tiff"},{"class":0,"poly":[[371.72604587315709,193.21527239019377],[351.821373519326,193.21527239019377],[351.821373519326,220.58196788695864],[371.72604587315709,220.58196788695864]],"imagefile":"20191004_091820.tiff"}]}