{"Labels":[{"class":0,"poly":[[346.33449885271523,91.543129673390069],[318.49453431433506,91.543129673390069],[318.49453431433506,121.08065374248446],[346.33449885271523,121.08065374248446]],"imagefile":"20191004_092019.tiff"},{"class":0,"poly":[[251.96761390823158,108.529165681098],[226.70793276140162,108.529165681098],[226.70793276140162,130.62303062445324],[251.96761390823158,130.62303062445324]],"imagefile":"20191004_092019.tiff"},{"class":0,"poly":[[330.76217633834216,184.15422187342324],[310.10290950204643,184.15422187342324],[310.10290950204643,212.72906330845336],[330.76217633834216,212.72906330845336]],"imagefile":"20191004_092019.tiff"}]}