{"Labels":[{"class":0,"poly":[[174.24221802108573,144.4341558833608],[147.56313544527151,144.4341558833608],[147.56313544527151,173.31197217290685],[174.24221802108573,173.31197217290685]],"imagefile":"20191004_092725.tiff"},{"class":0,"poly":[[85.409389812190028,146.3651600874349],[61.376679177296261,146.3651600874349],[61.376679177296261,167.57366403196363],[85.409389812190028,167.57366403196363]],"imagefile":"20191004_092725.tiff"},{"class":0,"poly":[[164.17052732241567,227.47224355328058],[144.37911787519047,227.47224355328058],[141.61624834874507,264.60039630118877],[168.6175693527081,265.27542932628785]],"imagefile":"20191004_092725.tiff"}]}