{"Labels":[{"class":0,"poly":[[266.27765202202818,182.65369103351549],[239.85769187062874,182.65369103351549],[239.85769187062874,210.6303517869153],[266.27765202202818,210.6303517869153]],"imagefile":"20191004_092326.tiff"},{"class":0,"poly":[[180.59405307056872,189.41439945646812],[156.57666090402265,189.41439945646812],[156.57666090402265,209.93626350204403],[180.59405307056872,209.93626350204403]],"imagefile":"20191004_092326.tiff"},{"class":0,"poly":[[257.80609041654554,263.60127401571356],[238.17486375101626,263.60127401571356],[238.17486375101626,290.93170510118091],[257.80609041654554,290.93170510118091]],"imagefile":"20191004_092326.tiff"}]}