{"Labels":[{"class":0,"poly":[[370.58982077132646,131.51356581082553],[343.9195539132561,131.51356581082553],[343.9195539132561,159.66631449173474],[370.58982077132646,159.66631449173474]],"imagefile":"20191004_091911.tiff"},{"class":0,"poly":[[274.93579164475415,129.35956355711983],[250.32884881799674,129.35956355711983],[250.32884881799674,164.30076628352492],[274.93579164475415,164.30076628352492]],"imagefile":"20191004_091911.tiff"},{"class":0,"poly":[[356.17589367128232,213.5195437095179],[336.323039464918,213.5195437095179],[336.323039464918,240.99063216148392],[356.17589367128232,240.99063216148392]],"imagefile":"20191004_091911.tiff"}]}