{"Labels":[{"class":0,"poly":[[323.19354971663734,139.1294112805179],[296.16858959491515,139.1294112805179],[296.16858959491515,167.71473956377963],[323.19354971663734,167.71473956377963]],"imagefile":"20191004_092122.tiff"},{"class":0,"poly":[[229.32559133046539,147.67390719123756],[204.73734040098373,147.67390719123756],[204.73734040098373,168.78718007179867],[229.32559133046539,168.78718007179867]],"imagefile":"20191004_092122.tiff"},{"class":0,"poly":[[309.93941176596695,219.04104643467304],[289.85769379748467,219.04104643467304],[289.85769379748467,246.87464167762198],[309.93941176596695,246.87464167762198]],"imagefile":"20191004_092122.tiff"}]}