{"Labels":[{"class":0,"poly":[[151.51782754165126,121.73676633657104],[124.29108219641168,121.73676633657104],[124.29108219641168,151.51008367236426],[151.51782754165126,151.51008367236426]],"imagefile":"20191004_092818.tiff"},{"class":0,"poly":[[56.611056364827064,131.86866837046136],[36.393970241630925,131.86866837046136],[36.393970241630925,160.91905803068312],[56.611056364827064,160.91905803068312]],"imagefile":"20191004_092818.tiff"},{"class":0,"poly":[[142.94517664842903,197.877815568951],[113.37538287789062,197.877815568951],[113.37538287789062,234.32959892430102],[142.94517664842903,234.32959892430102]],"imagefile":"20191004_092818.tiff"}]}