{"Labels":[{"class":0,"poly":[[320.57796861829769,141.09109710427271],[293.5530084965755,141.09109710427271],[293.5530084965755,169.67642538753444],[320.57796861829769,169.67642538753444]],"imagefile":"20191004_092122.tiff"},{"class":0,"poly":[[228.01780078129545,147.02001191665261],[203.42954985181379,147.02001191665261],[203.42954985181379,168.13328479721372],[228.01780078129545,168.13328479721372]],"imagefile":"20191004_092122.tiff"},{"class":0,"poly":[[311.9010975897217,216.42546533633333],[291.81937962123942,216.42546533633333],[291.81937962123942,244.25906057928228],[311.9010975897217,244.25906057928228]],"imagefile":"20191004_092122.tiff"}]}