{"Labels":[{"class":0,"poly":[[177.59423289851364,150.71542694024379],[150.97358421012089,150.71542694024379],[150.97358421012089,179.44325000027368],[177.59423289851364,179.44325000027368]],"imagefile":"20191004_092727.tiff"},{"class":0,"poly":[[84.0282183337965,162.624190114371],[60.03844514825397,162.624190114371],[60.03844514825397,183.71241920378316],[84.0282183337965,183.71241920378316]],"imagefile":"20191004_092727.tiff"},{"class":0,"poly":[[162.07805325420185,242.94877803645454],[142.3441712353046,242.94877803645454],[142.3441712353046,270.93105631862795],[162.07805325420185,270.93105631862795]],"imagefile":"20191004_092727.tiff"}]}