{"Labels":[{"class":0,"poly":[[299.1937643640934,131.07167729455415],[271.91380823899595,131.07167729455415],[271.91380823899595,160.09112592922918],[299.1937643640934,160.09112592922918]],"imagefile":"20191004_092226.tiff"},{"class":0,"poly":[[205.02431829030849,138.96128645215651],[180.16506160919283,138.96128645215651],[180.16506160919283,160.36928481530373],[205.02431829030849,160.36928481530373]],"imagefile":"20191004_092226.tiff"},{"class":0,"poly":[[288.9952667181384,221.1276951826311],[268.72251758886557,221.1276951826311],[268.72251758886557,249.40186843952768],[288.9952667181384,249.40186843952768]],"imagefile":"20191004_092226.tiff"}]}