{"Labels":[{"class":0,"poly":[[269.54712839495278,178.73031938600587],[243.12716824355334,178.73031938600587],[243.12716824355334,206.70698013940569],[269.54712839495278,206.70698013940569]],"imagefile":"20191004_092326.tiff"},{"class":0,"poly":[[179.28626252139878,188.76050418188322],[155.26887035485271,188.76050418188322],[155.26887035485271,209.28236822745913],[179.28626252139878,209.28236822745913]],"imagefile":"20191004_092326.tiff"},{"class":0,"poly":[[257.80609041654554,258.37011181903409],[238.17486375101623,258.37011181903409],[238.17486375101623,285.70054290450145],[257.80609041654554,285.70054290450145]],"imagefile":"20191004_092326.tiff"}]}