{"Labels":[{"class":0,"poly":[[151.51782754165126,121.73676633657104],[124.29108219641168,121.73676633657104],[124.29108219641168,151.51008367236426],[151.51782754165126,151.51008367236426]],"imagefile":"20191004_092818.tiff"},{"class":0,"poly":[[56.611056364827064,131.21477309587647],[36.393970241630925,131.21477309587647],[36.393970241630925,160.26516275609822],[56.611056364827064,160.26516275609822]],"imagefile":"20191004_092818.tiff"},{"class":0,"poly":[[112.72148760330573,201.59917355371897],[114.61492734478203,237.59907529722568],[142.29128137384416,236.92404227212666],[138.91611624834877,201.14729194187566]],"imagefile":"20191004_092818.tiff"}]}