{"Labels":[{"class":0,"poly":[[298.53986908950833,131.07167729455415],[271.25991296441089,131.07167729455415],[271.25991296441089,160.09112592922918],[298.53986908950833,160.09112592922918]],"imagefile":"20191004_092226.tiff"},{"class":0,"poly":[[204.37042301572359,142.88465809966607],[179.51116633460794,142.88465809966607],[179.51116633460794,164.29265646281328],[204.37042301572359,164.29265646281328]],"imagefile":"20191004_092226.tiff"},{"class":0,"poly":[[289.64916199272329,213.28095188761193],[269.37641286345047,213.28095188761193],[269.37641286345047,241.55512514450851],[289.64916199272329,241.55512514450851]],"imagefile":"20191004_092226.tiff"}]}