{"Labels":[{"class":0,"poly":[[113.37062024028769,175.81337746192003],[87.0303297039347,175.81337746192003],[87.0303297039347,204.58296899471293],[113.37062024028769,204.58296899471293]],"imagefile":"20191004_092920.tiff"},{"class":0,"poly":[[93.4455828918468,253.93686267111042],[73.992378912165393,253.93686267111042],[73.992378912165393,281.84174233807852],[93.4455828918468,281.84174233807852]],"imagefile":"20191004_092920.tiff"}]}