{"Labels":[{"class":0,"poly":[[109.44724859277807,174.76309067688385],[83.106958056425071,174.76309067688385],[83.106958056425071,203.27517844554313],[109.44724859277807,203.27517844554313]],"imagefile":"20191004_092920.tiff"},{"class":0,"poly":[[93.445582891846811,263.09139651529944],[73.9923789121654,263.09139651529944],[73.9923789121654,282.6558109833972],[93.445582891846811,282.6558109833972]],"imagefile":"20191004_092920.tiff"}]}