{"Labels":{"Class":0,"Label":"I","poly":[[317.52384208841374,249.47485538591741],[383.56845217182729,249.40985880305612],[383.6230987042278,304.42895909038623],[317.07462053529218,304.49445154571515]],"polyDEM":[[-40.84375,32.0625,-326],[-36.8125,32.625,-326],[-37.3125,35.96875,-326.25],[-41.34375,35.40625,-326.25]],"imagefile":"20201015_090603.tiff","class":0}}