{"Labels":{"Class":0,"Label":"M","poly":[[439.984175601684,362.35988929120316],[486.36354547189251,362.39888100887975],[487.17556071328215,392.62114177693394],[440.54111213106455,392.56875763777344]],"polyDEM":[[-4.2265625,37.21875,-326],[-1.353515625,37.625,-326],[-1.63671875,39.4375,-326.25],[-4.50390625,39.03125,-326.25]],"imagefile":"20201015_090648.tiff","class":0}}