{"Labels":[{"Class":0,"Label":"P","poly":[[513.24802660011176,60.41093100625703],[474.68520543297768,61.525574943294146],[475.09694583871465,20.34166061153439],[512.22632608714832,20.965640311866448]],"polyDEM":[[34.34375,15.265625,-324.75],[31.8125,14.984375,-324.75],[32.21875,12.2890625,-324.75],[34.75,12.5703125,-324.5]],"imagefile":"20201015_090733.tiff","class":0},{"Class":[],"Label":[],"poly":[[5.1247933884297083,474.70495867768597],[37.8669421487603,473.64876033057851],[32.585950413223117,507.44710743801659],[3.012396694214857,507.44710743801659]],"polyDEM":[],"imagefile":"20201015_090733.tiff","class":0}]}