{"Labels":{"Class":0,"Label":"P","poly":[[209.08460187000063,18.862306583729808],[275.10546553441162,18.69230231772497],[275.18918831540088,82.164164800262242],[208.67831621634579,81.631986428200477]],"polyDEM":[[44.28125,11.15625,-310],[49.25,11.9453125,-310.25],[48.53125,16.390625,-309.25],[43.40625,15.5546875,-309]],"imagefile":"20201022_094027.tiff","class":0}}