{"Labels":[{"class":0,"poly":[[277.01596424010211,99.3482612209659],[237.13153795827316,99.3482612209659],[237.13153795827316,132.91379310344837],[277.01596424010211,132.91379310344837]],"imagefile":"20191108_105306.tiff"},{"class":0,"poly":[[291.72904611891772,8.5970937912813952],[253.12351387054161,8.5970937912813952],[253.12351387054161,26.745706737120145],[291.72904611891772,26.745706737120145]],"imagefile":"20191108_105306.tiff"},{"class":0,"poly":[[237.48842975206603,6.4867899603698334],[188.97027741083221,6.4867899603698334],[188.97027741083221,44.832231404958748],[237.48842975206603,44.832231404958748]],"imagefile":"20191108_105306.tiff"}]}