{"Labels":[{"class":0,"poly":[[176.04293262879793,22.93857331571968],[205.74438573315723,20.913474240422488],[206.41941875825631,2.6875825627474228],[170.64266842800532,2.6875825627474228]],"imagefile":"20191108_103550.tiff"},{"class":0,"poly":[[280.67305151915463,14.163143989431717],[308.34940554821674,14.8381770145308],[310.374504623514,1.3375165125492572],[281.34808454425371,2.01254953764834]],"imagefile":"20191108_103550.tiff"}]}