{"Labels":[{"class":0,"poly":[[233.32441389972436,47.324857165953333],[188.79351626264403,47.324857165953333],[188.79351626264403,81.671820453752332],[233.32441389972436,81.671820453752332]],"imagefile":"20191108_103454.tiff"},{"class":0,"poly":[[176.01565556168725,67.5137630833315],[140.806936243216,67.5137630833315],[140.806936243216,117.76046510674342],[176.01565556168725,117.76046510674342]],"imagefile":"20191108_103454.tiff"},{"class":0,"poly":[[282.034770814754,58.4147965197736],[253.88543900486502,58.4147965197736],[253.88543900486502,107.16942853430322],[282.034770814754,107.16942853430322]],"imagefile":"20191108_103454.tiff"},{"class":0,"poly":[[282.02311756935279,12.138044914134468],[330.62549537648624,24.963672391016928],[335.35072655217976,2.6875825627474228],[284.72324966974912,4.0376486129455884]],"imagefile":"20191108_103454.tiff"}]}