{"Labels":{"Class":0,"Label":"A","poly":[[276.325942657983,117.2776645953922],[323.81636016548532,117.13068777868327],[323.84517951041676,55.89229042851872],[276.07468125413561,55.285776553208507]],"polyDEM":[[5.390625,46.09375,-308.25],[8.5859375,45.0625,-308.75],[7.19140625,41.3125,-309.5],[4.05078125,42.3125,-309.25]],"imagefile":"20201028_094940.tiff","class":0}}