{"Labels":{"Class":0,"Label":"K","poly":[[244.07198770594763,52.058394349989186],[207.73716750731498,51.949483373272685],[204.39431968295909,7.4128137384409456],[243.5462351387055,11.463011889035386]],"polyDEM":[[-78.375,2.501953125,-313.5],[-80.6875,3.009765625,-312.75],[-81.0625,1.572265625,-313.25],[-78.75,1.123046875,-314.25]],"imagefile":"20201028_094726.tiff","class":0}}