{"Labels":{"poly":[[567.13140495867742,370.52479338842971],[622.03223140495879,373.903305785124],[616.11983471074382,422.04710743801655],[562.06363636363653,418.66859504132225]],"imagefile":"20201028_094854.tiff","class":0}}