{"Labels":{"poly":[[7.2371900826445881,471.53636363636366],[8.2933884297520422,407.10826446280993],[54.766115702479311,412.3892561983472],[54.766115702479311,474.70495867768597]],"imagefile":"20201020_102228.tiff","class":0}}