{"Labels":{"Class":0,"Label":"M","poly":[[501.352567328129,290.45251737834803],[441.05763810791746,290.57541827581542],[441.03907495052624,355.65729719307626],[502.25276356224765,355.96011372609053]],"polyDEM":[[-1.7138671875,38.34375,-326],[-5.55078125,37.8125,-326],[-6.1953125,41.90625,-326.25],[-2.33203125,42.46875,-326.25]],"imagefile":"20201020_102116.tiff","class":0}}