{"Labels":{"poly":[[593.88837516512569,60.065389696168836],[590.51321003963051,120.81836195508566],[638.4405548216647,118.79326287978841],[636.41545574636746,56.015191545574396]],"imagefile":"20201020_101915.tiff","class":0}}