{"Labels":{"Class":0,"Label":"I","poly":[[285.98409135014015,180.2971098123864],[338.45034963817534,180.47468655419044],[338.49529462892849,220.94329646067712],[285.92241931380192,220.94754643210013]],"polyDEM":[[21.796875,3.693359375,-318.25],[26.109375,4.1328125,-316.5],[25.609375,7.515625,-317],[21.34375,6.95703125,-318.5]],"imagefile":"20201013_130812.tiff","class":0}}