{"Labels":{"Class":0,"Label":"M","poly":[[214.83592210497423,202.71275846196258],[269.96834983493011,202.64235680042529],[269.96996274743594,240.27566236317884],[215.14516349400421,240.30996267194641]],"polyDEM":[[6.5625,-29.234375,-322.25],[10.4765625,-28.765625,-321.5],[10.109375,-25.984375,-321.75],[6.203125,-26.515625,-322.25]],"imagefile":"20201013_130920.tiff","class":0}}