{"Labels":{"Class":0,"Label":"A","poly":[[111.00464051855917,171.5514745975791],[160.80580271295324,171.79893518096884],[160.2966680752061,224.76746555561505],[111.342936164669,224.89761185390995]],"polyDEM":[[-12.2734375,-10.34375,-311],[-9.0859375,-10.0625,-310.75],[-9.7578125,-6.66796875,-309.75],[-13.078125,-6.98046875,-309.75]],"imagefile":"20201022_091728.tiff","class":0}}