{"Labels":{"Class":0,"Label":"C","poly":[[49.173695670080832,160.68160297478846],[93.916527391582861,160.177633513488],[94.2563558588545,214.89850956464818],[49.655663964342665,215.09300660557642]],"polyDEM":[[60.34375,35.21875,-308],[63.6875,35.5625,-308.25],[63.125,39.46875,-307.75],[59.75,39.125,-307.5]],"imagefile":"20201022_091944.tiff","class":0}}