{"Labels":{"Class":0,"Label":"M","poly":[[391.81729028673215,254.60897581363145],[455.27232257211904,254.59443709100168],[455.13939641744253,309.99555709818276],[391.87373639609996,310.0668941721475]],"polyDEM":[[32.0625,11.375,-309],[36.40625,11.7890625,-309.5],[36.28125,15.75,-308.5],[31.796875,15.359375,-308.25]],"imagefile":"20201022_091814.tiff","class":0}}