{"Labels":{"poly":[[29.417355371900783,126.1595041322315],[67.440495867768533,122.99090909090923],[65.328099173553682,88.13636363636374],[22.023966942148718,87.080165289256229]],"imagefile":"20201022_091859.tiff","class":0}}