{"Labels":[{"class":0,"poly":[[456.08576269260686,52.528182828995114],[424.25295166372621,52.528182828995114],[424.25295166372621,82.230159417256232],[456.08576269260686,82.230159417256232]],"imagefile":"20191025_092222.tiff"},{"class":0,"poly":[[0,0],[0,0],[0,0],[0,0]],"imagefile":"20191025_092222.tiff"},{"class":0,"poly":[[527.54552233643949,101.91709319368437],[513.37278327022273,101.91709319368437],[513.37278327022273,120.24060561125776],[527.54552233643949,120.24060561125776]],"imagefile":"20191025_092222.tiff"},{"class":0,"poly":[[513.32892829968387,153.838441890166],[499.81727418011121,153.838441890166],[499.81727418011121,175.53829855116993],[513.32892829968387,175.53829855116993]],"imagefile":"20191025_092222.tiff"}]}